station,first_year,last_year,n_years,N,NNE,NE,ENE,E,ESE,SE,SSE,S,SSW,SW,WSW,W,WNW,NW,NNW
ASTOR,1959,2000,42,0.0,0.0,1.1985795672389876,0.0,0.0,0.0,1.9076319225055036,0.0,0.0,0.0,5.821272316538614,0.0,0.0,0.0,6.100781190092785,0.0
BADIN,1937,2000,64,0.0,0.0,1.661388888888889,0.0,0.0,0.0,0.0,0.0,0.0,0.0,33.382968792258524,0.0,0.0,0.0,11.989731272253266,0.0
BAHAWALNAGAR,1963,2000,38,0.0,0.0,7.072829396910279,0.0,0.0,0.0,2.7117312834224596,0.0,0.20454545454545456,0.0,7.140184009209745,0.0,0.0,0.0,16.995652295008913,0.0
BAHAWALPUR,1936,2000,65,0.0,0.0,8.58868366501205,0.0,0.0,0.0,1.7772943326200297,0.0,0.0,0.0,19.75102923919,0.0,0.0,0.0,12.603564186440705,0.0
BALAKOT,1960,2000,41,0.0,0.0,1.4949422166527429,0.0,0.0,0.0,1.9270455550641306,0.0,0.0,0.0,26.523838599767398,0.0,0.0,0.0,9.607552991957018,0.0
BARKHAN,1967,2000,34,0.20959595959595959,0.0,0.06060606060606061,0.0,0.0,0.0,2.3601488677093516,0.0,0.10858585858585858,0.0,27.30262000939183,0.0,0.0,0.0,4.104361631016043,0.0
BUNJI,1953,2000,48,0.0,0.0,3.6724938130365765,0.0,0.0,0.0,12.484361325068562,0.0,0.0,0.0,10.498296644678224,0.0,0.0,0.0,4.680356179451573,0.0
CHERAT,1943,2000,58,0.0,0.0,4.7873536460529325,0.0,0.0,0.0,8.199682634077375,0.0,0.0,0.0,1.7290746998768673,0.0,0.0,0.0,19.191944468043154,0.0
CHHOR,1933,2000,68,0.0,0.0,2.4742218565747978,0.0,0.0,0.0,0.1266488413547237,0.0,0.0,0.0,36.82675252923588,0.0,0.0,0.0,6.923840656438695,0.0
CHILAS,1953,2000,48,0.0,0.0,0.16795366795366795,0.0,0.0,0.0,1.3055515966127473,0.0,0.0,0.0,42.96784354486133,0.0,0.0,0.0,15.864968392779863,0.0
CHITRAL,1964,2000,37,0.0,0.0,2.4064814814814817,0.0,0.0,0.0,2.044250194250194,0.0,0.0,0.0,6.299354118104119,0.0,0.0,0.0,2.4516381766381765,0.0
DALBANDIN,1933,2000,68,0.0,0.0,11.240766610376937,0.0,0.0,0.0,11.575660618729314,0.0,0.0,0.0,20.00756104508618,0.0,0.0,0.0,5.6197214560028845,0.0
DERA ISMAIL KHAN,1943,2000,58,0.0,0.0,24.461776559609245,0.0,0.0,0.0,24.013014640342174,0.0,0.0,0.0,0.6728551513015373,0.0,0.0,0.0,2.6709577442624766,0.0
DIR,1967,2000,34,0.0,0.0,0.5045787545787547,0.0,0.0,0.0,2.9655394397835675,0.0,0.0,0.0,10.887074536093776,0.0,0.0,0.0,1.6781275291332765,0.0
DROSH,1936,2000,65,0.0,0.0,12.75382969807738,0.0,0.0,0.0,10.677804303490381,0.0,0.0,0.0,24.62160774056005,0.0,0.0,0.0,2.461035414348198,0.0
FAISALABAD(LYALLPUR),1936,2000,65,0.0,0.0,5.559150247647881,0.0,0.0,0.0,10.396076537214528,0.0,0.0,0.0,5.95630447496827,0.0,0.0,0.0,17.793923995583814,0.0
GARHI DUPATTA,1955,2000,46,0.0,0.0,0.8740924560408395,0.0,0.0,0.0,10.901799047698761,0.0,0.0,0.0,5.243139864386072,0.0,0.0,0.0,27.186125320547873,0.0
GILGIT,1952,2000,49,0.0,0.0,1.9948212898794295,0.0,0.0,0.0,22.484426744019768,0.0,0.0,0.0,18.605778940371966,0.0,0.0,0.0,3.411121677400747,0.0
GUPIS,1955,2000,46,0.0,0.0,8.010326086956523,0.0,0.0,0.0,29.41673913043478,0.0,0.0,0.0,12.174909420289856,0.0,0.0,0.0,0.8633333333333333,0.0
HYDERABAD,1933,2000,68,0.0,0.0,2.7012666838420407,0.0,0.0,0.0,1.2968070753501744,0.0,0.0,0.0,24.89945316802923,0.0,0.0,0.0,5.296177349297391,0.0
ISLAMABAD,1954,2000,47,0.0,0.0,0.582989313424096,0.0,0.0,0.0,4.254614990484556,0.0,0.0,0.0,25.92527714965014,0.0,0.0,0.0,29.07906297233961,0.0
JACOBABAD,1934,2000,67,0.0,0.0,2.1123546060794047,0.0,0.0,0.0,17.818134175971878,0.0,0.0,0.0,7.232641042872898,0.0,0.0,0.0,6.413290727529639,0.0
JHELUM,1948,2000,53,0.0,0.0,0.9338630132904226,0.0,0.0,0.0,4.786829137683442,0.0,0.0,0.0,15.832558000832627,0.0,0.0,0.0,24.31284075482348,0.0
JIWANI,1938,2000,63,0.0,0.0,0.07738095238095238,0.0,0.0,0.0,1.8012344655796377,0.0,0.0,0.0,26.139021816559673,0.0,0.0,0.0,1.5378721924256649,0.0
KAKUL,1953,2000,48,0.0,0.0,0.1648550724637681,0.0,0.0,0.0,3.5758590840225395,0.0,0.0,0.0,29.6974251791643,0.0,0.0,0.0,7.106985472462264,0.0
KALAT,1939,2000,62,0.0,0.0,0.4501227107517736,0.0,0.0,0.0,0.2779057327467318,0.0,0.11054421768707483,0.0,11.09159747238233,0.0,0.13435374149659865,0.0,38.65572122411087,0.0
KARACHI (AIRPORT),1945,2000,56,0.0,0.0,0.6719561756326463,0.0,0.0,0.0,0.5470399698340875,0.0,0.14583333333333334,0.0,53.43011049767431,0.0,0.0,0.0,1.8197601878465732,0.0
KARACHI (MASROOR),1957,2000,44,0.0,0.0,0.32007575757575757,0.0,0.0,0.0,1.0643939393939394,0.0,0.16666666666666666,0.0,45.18882135306554,0.0,0.0,0.0,0.47965116279069764,0.0
KHANPUR (PBO),1954,2000,47,0.0,0.0,10.597383555876318,0.0,0.0,0.0,0.612090007627765,0.0,0.0,0.0,19.484370855863194,0.0,0.0,0.0,11.821165416123108,0.0
KHUZDAR,1967,2000,34,0.0,0.0,0.5857796717171717,0.0,0.0,0.0,5.697758838383838,0.0,0.0,0.0,22.421401515151512,0.0,0.0,0.0,21.975773358585858,0.0
KOHAT,1954,2000,47,0.0,0.0,22.334920034484934,0.0,0.0,0.0,17.692100795910257,0.0,0.0,0.0,3.310168751459116,0.0,0.0,0.0,4.890351331151732,0.0
KOTLI,1952,2000,49,0.0,0.0,4.454584466309721,0.0,0.0,0.0,2.935341933052386,0.0,0.0,0.0,32.537001860261576,0.0,0.0,0.0,4.496915588587073,0.0
LAHORE(AIRPORT),1953,2000,48,0.0,0.0,4.635659566903785,0.0,0.0,0.0,7.542668825161886,0.0,0.0,0.0,5.57825062438846,0.0,0.0,0.0,31.818325740111124,0.0
LAHORE(PBO),1933,2000,68,0.0,0.0,4.620364369515417,0.0,0.0,0.0,6.967436973435504,0.0,0.0,0.0,5.554022025938675,0.0,0.0,0.0,30.691108415825056,0.0
LARKANA,1988,2000,13,0.0,0.0,13.89311383061383,0.0,0.0,0.0,26.96236402486402,0.0,0.0,0.0,0.703525641025641,0.0,0.0,0.0,1.7604895104895106,0.0
LASBELLA,1933,2000,68,0.0,0.0,0.5560821837452734,0.0,0.0,0.0,7.043561055606676,0.0,0.0,0.0,9.341997004638321,0.0,0.0,0.0,0.931182989174467,0.0
MIANWALI,1959,2000,42,0.0,0.0,11.139388703127095,0.0,0.0,0.0,11.279757658168068,0.0,0.0,0.0,4.188141848832639,0.0,0.0,0.0,8.099335830580992,0.0
MOEN-JO-DARO,1979,2000,22,0.0,0.0,7.29577067669173,0.0,0.0,0.0,12.632072368421055,0.0,0.0,0.0,0.41858552631578944,0.0,0.0,0.0,1.2217340225563909,0.0
MULTAN(PBO),1950,2000,51,0.0,0.0,10.656591955691612,0.0,0.0,0.0,15.400369420578278,0.0,0.0,0.0,6.377760789575557,0.0,0.0,0.0,2.6750976892098604,0.0
MURREE,1933,2000,68,0.0,0.0,5.518018001391117,0.0,0.0,0.0,16.909417705382563,0.0,0.0,0.0,14.502497118160948,0.0,0.0,0.0,10.964871983202407,0.0
MUZAFFARABAD,1955,2000,46,0.0,0.0,3.3437498828948065,0.0,0.0,0.0,12.553455467230776,0.0,0.0,0.0,12.483891956582093,0.0,0.0,0.0,17.995604983605766,0.0
NAWABSHAH,1954,2000,47,0.0,0.0,0.6268921095008051,0.0,0.0,0.0,7.142999451810738,0.0,0.0,0.0,9.368742076952069,0.0,0.0,0.0,13.311045157090485,0.0
NOKKUNDI,1933,2000,68,0.0,0.0,3.587362274069869,0.0,0.0,0.0,9.535980859280784,0.0,0.0,0.0,5.413568941047788,0.0,0.0,0.0,24.556344774333354,0.0
ORMARA,1961,2000,40,0.0,0.0,0.1858974358974359,0.0,0.0,0.0,0.6127146042363433,0.0,0.0,0.0,58.864722644505264,0.0,0.0,0.0,1.011923076923077,0.0
PADIDAN,1933,2000,68,0.0,0.0,1.431712508822492,0.0,0.0,0.0,5.677658983933288,0.0,0.0,0.0,9.103303942936165,0.0,0.0,0.0,11.998506015790847,0.0
PANJGUR,1933,1999,67,0.0,0.0,0.48727050838946,0.0,0.0,0.0,0.08333333333333333,0.0,0.0,0.0,17.68468290923961,0.0,0.0,0.0,37.68617379053243,0.0
PARACHINAR,1933,2000,68,0.0,0.0,2.3430596353912083,0.0,0.0,0.0,36.4836945130605,0.0,0.0,0.0,1.0115866213527418,0.0,0.0,0.0,0.23190609905669643,0.0
PASNI,1933,2000,68,0.0,0.0,0.09072504708097928,0.0,0.0,0.0,1.7110370086747515,0.0,0.0,0.0,36.662341591640136,0.0,0.0,0.0,1.2930323644075268,0.0
PESHAWAR,1933,2000,68,0.0,0.0,26.25677158490828,0.0,0.0,0.0,4.342655602604018,0.0,0.0,0.0,2.2663123102045035,0.0,0.0,0.0,6.030966739124722,0.0
QUETTA,1944,2000,57,0.0,0.0,0.5637356063456692,0.0,0.0,0.0,0.3470851068335345,0.0,0.0,0.0,17.125473123429096,0.0,0.0,0.0,46.67172906292404,0.0
RAFIQUE(PAF),1972,2000,29,0.0,0.0,8.895145444168433,0.0,0.0,0.0,19.10020297390987,0.0,0.0,0.0,2.874882168704008,0.0,0.0,0.0,8.254028824517329,0.0
RISALPUR,1954,2000,47,0.0,0.0,14.99784371922573,0.0,0.0,0.0,7.909942214905857,0.0,0.0,0.0,12.172256262347801,0.0,0.0,0.0,24.96868237292129,0.0
ROHRI,1939,2000,62,0.0,0.0,12.033992119986573,0.0,0.0,0.0,2.8567695328415432,0.0,0.0,0.0,15.419014838692467,0.0,0.0,0.0,9.097353502051623,0.0
SAIDU SHARIF,1974,2000,27,0.0,0.0,7.907147610843263,0.0,0.0,0.0,5.816107847348256,0.0,0.0,0.0,21.74952234217899,0.0,0.0,0.0,8.946098038080136,0.0
SARGODHA,1947,2000,54,0.0,0.0,7.734156597085852,0.0,0.0,0.0,20.21107272201787,0.0,0.0,0.0,10.664154661569263,0.0,0.0,0.0,12.262665034682533,0.0
SHARA-E-FAISAL,1933,2000,68,0.0,0.0,0.9479377104377105,0.0,0.0,0.0,1.0567584762352205,0.0,0.0,0.0,44.982260632955786,0.0,0.0,0.0,0.9772361294100426,0.0
SIALKOT,1933,2000,68,0.0,0.0,6.170728531263836,0.0,0.0,0.0,7.908544964402027,0.0,0.04696969696969697,0.0,14.757346849549918,0.0,0.0,0.0,24.232461335075367,0.0
SIBBI,1940,2000,61,0.0,0.0,1.5941745417455355,0.0,0.027777777777777776,0.0,6.2622775767417425,0.0,0.07469135802469136,0.0,16.105844376743633,0.0,0.0,0.0,3.1474004858487628,0.0
SKARDU(PBO),1952,2000,49,0.0,0.0,0.5849858010184098,0.0,0.0,0.0,1.1672166170981144,0.0,0.0,0.0,36.901635485899014,0.0,0.0,0.0,1.772285148161508,0.0
TURBAT,1997,2000,4,0.0,0.0,3.0,0.0,0.0,0.0,3.0694444444444446,0.0,0.0,0.0,26.70138888888889,0.0,0.0,0.0,1.1111111111111112,0.0
ZHOB(PBO),1961,2000,40,0.0,0.0,4.894438799701957,0.0,0.0,0.0,5.711948790896159,0.0,0.0,0.0,26.880948241474552,0.0,0.0,0.0,22.327996041153934,0.0
